"KeyId","KeyRotationEnabled"
'124d74af-cb36-427f-9bc9-6c1324f09a5e',false
'33524572-e82e-4eaf-ad19-c71be3bd58d6',false
'3b72a43c-bf1a-4dbe-85a0-7543849683d6',false
'4fb4abf1-6e5e-4ec8-a155-c8aaa60ae4e1',false
'637155c5-405c-46d9-be2b-887f2da9a7e4',false
'64d54396-dd49-4299-a881-e5eee2fb5901',false
'8bb62064-3ac9-4e2c-822e-6aea1432409d',false
'909a205a-b9bb-4179-8b79-7143be0ca532',
'a0479c20-61f1-4108-a0b5-860065dba5f7',false
'a3214c8d-ff61-4e55-a467-62441402c0d8',false
'b8ef29ba-cfe2-4559-9410-1e77451fdb98',false
'be104fe2-1ddd-40d2-b52e-9ab3679cb7e3',false
'cae909b8-ab9d-43c2-be36-7a919586ba3e',false
'e02ad4ed-8d29-46dc-a02b-f089574f8a13',false
'e3af2915-63d1-49e1-b3f6-b47c2d120339',false
'f75efaaf-13b3-48c1-addb-810c8acda036',false
'124d74af-cb36-427f-9bc9-6c1324f09a5e',false
'33524572-e82e-4eaf-ad19-c71be3bd58d6',false
'3b72a43c-bf1a-4dbe-85a0-7543849683d6',false
'4fb4abf1-6e5e-4ec8-a155-c8aaa60ae4e1',false
'637155c5-405c-46d9-be2b-887f2da9a7e4',false
'64d54396-dd49-4299-a881-e5eee2fb5901',false
'8bb62064-3ac9-4e2c-822e-6aea1432409d',false
'909a205a-b9bb-4179-8b79-7143be0ca532',
'a0479c20-61f1-4108-a0b5-860065dba5f7',false
'a3214c8d-ff61-4e55-a467-62441402c0d8',false
'b8ef29ba-cfe2-4559-9410-1e77451fdb98',false
'be104fe2-1ddd-40d2-b52e-9ab3679cb7e3',false
'cae909b8-ab9d-43c2-be36-7a919586ba3e',false
'e02ad4ed-8d29-46dc-a02b-f089574f8a13',false
'e3af2915-63d1-49e1-b3f6-b47c2d120339',false
'f75efaaf-13b3-48c1-addb-810c8acda036',false
'124d74af-cb36-427f-9bc9-6c1324f09a5e',false
'33524572-e82e-4eaf-ad19-c71be3bd58d6',false
'3b72a43c-bf1a-4dbe-85a0-7543849683d6',false
'4fb4abf1-6e5e-4ec8-a155-c8aaa60ae4e1',false
'637155c5-405c-46d9-be2b-887f2da9a7e4',false
'64d54396-dd49-4299-a881-e5eee2fb5901',false
'8bb62064-3ac9-4e2c-822e-6aea1432409d',false
'909a205a-b9bb-4179-8b79-7143be0ca532',
'a0479c20-61f1-4108-a0b5-860065dba5f7',false
'a3214c8d-ff61-4e55-a467-62441402c0d8',false
'b8ef29ba-cfe2-4559-9410-1e77451fdb98',false
'be104fe2-1ddd-40d2-b52e-9ab3679cb7e3',false
'cae909b8-ab9d-43c2-be36-7a919586ba3e',false
'e02ad4ed-8d29-46dc-a02b-f089574f8a13',false
'e3af2915-63d1-49e1-b3f6-b47c2d120339',false
'f75efaaf-13b3-48c1-addb-810c8acda036',false
